,ZIPCODE,Total 16-19,Opportunity Youth
1,73949,94,0
2,75001,305,0
3,75002,4168,0
4,75006,2353,52
5,75007,3049,15
6,75009,765,3
7,75010,1363,51
8,75013,2424,0
9,75019,2621,40
10,75020,1302,46
11,75021,286,0
12,75022,2411,0
13,75023,2536,0
14,75024,1661,46
15,75025,3066,0
16,75028,2482,45
17,75032,2172,0
18,75034,6363,43
19,75035,4711,15
20,75038,1064,0
21,75039,282,0
22,75040,3449,49
23,75041,2019,15
24,75042,2426,42
25,75043,3988,50
26,75044,2106,0
27,75048,1721,12
28,75050,2428,35
29,75051,2437,15
30,75052,5805,64
31,75054,985,0
32,75056,2997,22
33,75057,813,23
34,75058,264,0
35,75060,4043,103
36,75061,3047,53
37,75062,2894,16
38,75063,1313,0
39,75065,792,17
40,75067,2930,49
41,75068,3719,88
42,75069,2622,0
43,75070,4990,95
44,75071,3311,21
45,75074,2959,58
46,75075,1756,19
47,75076,365,4
48,75077,2465,12
49,75078,2143,26
50,75080,3923,0
51,75081,1890,0
52,75082,1108,0
53,75087,2432,119
54,75088,1212,0
55,75089,1997,0
56,75090,1812,55
57,75092,1045,18
58,75093,2340,0
59,75094,1522,0
60,75098,3764,67
61,75101,27,0
62,75102,118,0
63,75103,567,0
64,75104,2903,78
65,75105,31,0
66,75109,207,0
67,75110,1771,94
68,75114,436,0
69,75115,3329,36
70,75116,1315,29
71,75117,328,7
72,75119,1723,25
73,75124,408,0
74,75125,512,5
75,75126,2829,39
76,75127,89,2
77,75132,145,0
78,75134,1272,84
79,75135,430,0
80,75137,1358,11
81,75140,356,7
82,75141,360,8
83,75142,1177,24
84,75143,582,0
85,75144,177,9
86,75146,1120,20
87,75147,460,20
88,75148,278,8
89,75149,4177,99
90,75150,3852,80
91,75152,439,5
92,75153,35,0
93,75154,2270,55
94,75155,163,0
95,75156,681,11
96,75157,8,3
97,75158,274,0
98,75159,1109,26
99,75160,1655,122
100,75161,237,7
101,75163,140,0
102,75164,24,3
103,75165,2555,0
104,75166,211,0
105,75167,567,0
106,75169,602,72
107,75172,171,31
108,75173,183,1
109,75180,1437,41
110,75181,1332,31
111,75182,327,0
112,75189,1235,0
113,75201,101,0
114,75202,58,0
115,75203,840,13
116,75204,759,0
117,75205,2641,5
118,75206,293,0
119,75207,193,0
120,75208,1514,46
121,75209,249,0
122,75210,623,14
123,75211,6278,51
124,75212,2079,32
125,75214,782,11
126,75215,906,0
127,75216,2686,40
128,75217,6763,21
129,75218,571,0
130,75219,289,16
131,75220,2645,157
132,75223,1017,0
133,75224,2655,60
134,75225,1110,0
135,75226,115,0
136,75227,4218,37
137,75228,4197,99
138,75229,1805,40
139,75230,797,5
140,75231,1582,0
141,75232,1355,14
142,75233,1433,30
143,75234,2722,113
144,75235,571,23
145,75236,974,51
146,75237,894,23
147,75238,1304,19
148,75240,1701,305
149,75241,1928,14
150,75243,2250,111
151,75244,458,0
152,75246,23,0
153,75247,0,0
154,75248,1013,29
155,75249,739,19
156,75251,87,0
157,75252,1125,23
158,75253,1979,0
159,75254,902,0
160,75270,0,0
161,75287,1587,0
162,75390,0,0
163,75401,787,16
164,75402,903,79
165,75407,1457,22
166,75409,630,0
167,75410,23,0
168,75411,11,0
169,75412,40,0
170,75413,13,0
171,75414,149,0
172,75415,121,0
173,75416,142,0
174,75417,260,0
175,75418,673,0
176,75420,88,0
177,75421,0,0
178,75422,121,0
179,75423,174,0
180,75424,155,0
181,75426,110,14
182,75428,1351,8
183,75431,54,0
184,75432,256,0
185,75433,115,0
186,75435,23,0
187,75436,167,8
188,75437,47,0
189,75438,78,3
190,75439,66,13
191,75440,305,0
192,75441,13,0
193,75442,575,0
194,75446,195,0
195,75447,38,0
196,75448,53,0
197,75449,117,6
198,75450,0,0
199,75451,62,0
200,75452,353,0
201,75453,216,0
202,75454,846,0
203,75455,1724,132
204,75457,392,70
205,75459,230,0
206,75460,1015,10
207,75462,672,0
208,75468,153,0
209,75469,22,7
210,75470,0,0
211,75471,176,0
212,75472,183,0
213,75473,127,0
214,75474,1091,38
215,75475,0,0
216,75476,0,0
217,75477,85,0
218,75478,39,0
219,75479,76,0
220,75480,31,0
221,75481,32,0
222,75482,1156,2
223,75486,150,18
224,75487,140,0
225,75488,0,0
226,75489,28,2
227,75490,133,0
228,75491,287,0
229,75492,9,0
230,75493,34,0
231,75494,501,5
232,75495,547,4
233,75496,212,0
234,75497,116,0
235,75501,1444,23
236,75503,1452,17
237,75550,18,0
238,75551,456,0
239,75554,204,0
240,75555,91,0
241,75556,74,0
242,75558,157,43
243,75559,218,0
244,75560,116,0
245,75561,180,0
246,75562,0,0
247,75563,194,0
248,75565,43,0
249,75566,66,0
250,75567,217,0
251,75568,49,0
252,75569,173,0
253,75570,543,0
254,75571,197,0
255,75572,177,27
256,75573,0,0
257,75574,53,0
258,75601,585,0
259,75602,1587,3
260,75603,265,0
261,75604,1588,13
262,75605,1297,5
263,75630,54,0
264,75631,116,0
265,75633,682,0
266,75638,278,0
267,75639,170,0
268,75640,265,34
269,75641,11,0
270,75642,0,0
271,75643,81,0
272,75644,698,31
273,75645,631,0
274,75647,466,31
275,75650,499,0
276,75651,100,0
277,75652,866,11
278,75654,708,3
279,75656,285,0
280,75657,294,41
281,75661,184,0
282,75662,1562,65
283,75667,75,0
284,75668,133,0
285,75669,79,0
286,75670,1083,0
287,75672,1061,0
288,75681,209,45
289,75682,11,0
290,75683,283,0
291,75684,328,0
292,75686,583,29
293,75691,127,0
294,75692,251,0
295,75693,293,0
296,75701,2539,57
297,75702,1887,82
298,75703,1887,8
299,75704,377,28
300,75705,54,0
301,75706,392,0
302,75707,817,4
303,75708,660,0
304,75709,496,0
305,75750,128,0
306,75751,1094,0
307,75752,259,0
308,75754,599,0
309,75755,237,0
310,75756,269,0
311,75757,837,0
312,75758,274,16
313,75759,27,0
314,75760,48,0
315,75762,587,73
316,75763,255,0
317,75764,5,0
318,75765,544,44
319,75766,1324,0
320,75770,152,0
321,75771,1192,0
322,75773,649,0
323,75778,70,0
324,75779,0,0
325,75780,23,0
326,75783,317,0
327,75784,101,0
328,75785,634,0
329,75788,0,0
330,75789,423,0
331,75790,209,23
332,75791,982,0
333,75792,110,0
334,75801,774,0
335,75803,1007,29
336,75831,247,0
337,75832,0,0
338,75833,150,0
339,75835,622,0
340,75838,104,0
341,75839,345,0
342,75840,249,15
343,75844,148,7
344,75845,114,19
345,75846,150,35
346,75847,36,0
347,75848,14,0
348,75849,13,0
349,75850,75,0
350,75851,212,0
351,75852,45,0
352,75853,0,0
353,75855,53,0
354,75856,0,0
355,75858,0,0
356,75859,77,0
357,75860,288,11
358,75861,34,0
359,75862,450,0
360,75901,1424,152
361,75904,1978,122
362,75925,243,27
363,75926,94,0
364,75928,122,0
365,75929,68,0
366,75930,144,0
367,75931,19,0
368,75932,67,0
369,75933,33,0
370,75934,0,0
371,75935,961,2
372,75936,70,0
373,75937,88,13
374,75938,85,0
375,75939,365,41
376,75941,384,0
377,75942,0,0
378,75943,60,0
379,75944,40,0
380,75946,208,18
381,75948,321,0
382,75949,446,26
383,75951,959,65
384,75954,97,0
385,75956,760,26
386,75959,51,0
387,75960,64,0
388,75961,605,8
389,75962,1686,0
390,75964,927,13
391,75965,1931,70
392,75966,375,47
393,75968,97,0
394,75969,167,0
395,75972,304,0
396,75973,143,0
397,75974,84,0
398,75975,291,2
399,75976,56,0
400,75977,4,0
401,75978,9,0
402,75979,456,62
403,75980,189,0
404,76001,3025,46
405,76002,2286,0
406,76006,965,11
407,76008,1044,1
408,76009,891,0
409,76010,4697,76
410,76011,717,0
411,76012,1200,38
412,76013,2007,70
413,76014,2290,39
414,76015,1086,10
415,76016,2041,23
416,76017,3688,42
417,76018,2360,25
418,76020,1477,6
419,76021,1285,0
420,76022,669,36
421,76023,410,0
422,76028,3653,27
423,76031,1058,19
424,76033,1584,10
425,76034,1111,6
426,76035,102,0
427,76036,1783,0
428,76039,1276,0
429,76040,1585,35
430,76041,27,0
431,76043,250,0
432,76044,413,24
433,76048,1002,0
434,76049,1297,70
435,76050,376,0
436,76051,2425,0
437,76052,1674,0
438,76053,1243,0
439,76054,543,10
440,76055,232,0
441,76058,1391,0
442,76059,423,8
443,76060,554,0
444,76061,0,0
445,76063,5307,41
446,76064,32,0
447,76065,2295,18
448,76066,180,0
449,76067,1134,66
450,76070,22,0
451,76071,338,0
452,76073,447,12
453,76077,0,0
454,76078,481,0
455,76082,1163,30
456,76084,656,5
457,76085,708,0
458,76086,1131,9
459,76087,1382,0
460,76088,661,0
461,76092,2019,0
462,76093,108,0
463,76102,481,0
464,76103,960,76
465,76104,968,78
466,76105,2017,14
467,76106,2606,117
468,76107,1304,15
469,76108,2389,0
470,76109,2192,0
471,76110,1887,76
472,76111,1757,33
473,76112,1958,50
474,76114,1837,33
475,76115,1413,25
476,76116,2324,0
477,76117,1757,82
478,76118,779,0
479,76119,3129,61
480,76120,1244,35
481,76123,2304,332
482,76126,986,13
483,76127,121,0
484,76129,1188,0
485,76131,2254,128
486,76132,671,0
487,76133,2740,184
488,76134,1568,0
489,76135,1278,0
490,76137,3804,138
491,76140,2309,71
492,76148,1148,10
493,76155,74,0
494,76164,862,65
495,76177,327,0
496,76179,3474,21
497,76180,1481,76
498,76182,1712,30
499,76201,5974,12
500,76205,1231,0
501,76207,475,0
502,76208,1734,23
503,76209,1146,46
504,76210,3485,143
505,76225,79,0
506,76226,1515,0
507,76227,1395,5
508,76228,69,0
509,76230,400,0
510,76233,180,8
511,76234,1051,0
512,76238,0,0
513,76239,55,0
514,76240,1555,4
515,76244,4339,41
516,76245,0,0
517,76247,527,30
518,76248,2991,0
519,76249,499,6
520,76250,51,0
521,76251,19,3
522,76252,155,0
523,76253,62,0
524,76255,152,0
525,76258,519,75
526,76259,242,0
527,76261,3,0
528,76262,2024,16
529,76263,0,0
530,76264,17,0
531,76265,52,0
532,76266,755,29
533,76268,0,0
534,76270,43,0
535,76271,37,0
536,76272,104,0
537,76273,313,0
538,76301,885,3
539,76302,519,14
540,76305,161,0
541,76306,845,85
542,76308,1643,37
543,76309,479,35
544,76310,621,3
545,76311,3062,0
546,76351,67,0
547,76354,560,42
548,76357,15,0
549,76360,138,0
550,76363,48,0
551,76364,0,0
552,76365,226,0
553,76366,104,0
554,76367,318,0
555,76370,16,0
556,76371,56,0
557,76372,80,0
558,76373,0,0
559,76374,134,0
560,76377,4,0
561,76379,47,0
562,76380,117,0
563,76384,723,81
564,76388,8,0
565,76389,120,0
566,76401,2856,114
567,76402,547,0
568,76424,496,0
569,76426,847,0
570,76427,122,0
571,76429,0,0
572,76430,189,15
573,76431,169,0
574,76432,79,0
575,76433,124,32
576,76435,11,0
577,76436,11,0
578,76437,464,0
579,76442,355,0
580,76443,100,0
581,76444,149,10
582,76445,0,0
583,76446,404,0
584,76448,155,0
585,76449,72,0
586,76450,615,0
587,76452,0,0
588,76453,5,0
589,76454,142,0
590,76455,83,0
591,76457,143,0
592,76458,375,16
593,76459,4,0
594,76460,31,0
595,76462,325,7
596,76463,55,0
597,76464,15,0
598,76466,0,0
599,76469,5,0
600,76470,256,0
601,76471,153,0
602,76472,85,0
603,76474,7,0
604,76475,23,0
605,76476,88,0
606,76481,17,0
607,76483,58,0
608,76484,63,0
609,76486,46,0
610,76487,143,0
611,76490,23,0
612,76491,22,0
613,76501,1181,27
614,76502,1759,0
615,76504,854,25
616,76508,3,0
617,76511,85,0
618,76513,2369,71
619,76518,120,0
620,76519,31,0
621,76520,144,0
622,76522,1779,24
623,76523,0,0
624,76524,272,0
625,76525,48,2
626,76527,169,0
627,76528,677,5
628,76530,71,6
629,76531,469,21
630,76534,123,13
631,76537,325,0
632,76538,93,0
633,76539,587,0
634,76541,1077,93
635,76542,3023,112
636,76543,1457,29
637,76544,2460,23
638,76548,2063,0
639,76549,2744,104
640,76550,542,29
641,76554,142,0
642,76556,56,0
643,76557,513,0
644,76559,245,9
645,76561,53,3
646,76565,27,0
647,76566,18,0
648,76567,637,50
649,76569,200,0
650,76570,189,0
651,76571,515,0
652,76573,0,0
653,76574,810,35
654,76577,253,0
655,76578,39,0
656,76579,203,0
657,76596,7,0
658,76597,0,0
659,76598,22,0
660,76599,12,0
661,76621,37,3
662,76622,86,0
663,76623,7,6
664,76624,107,14
665,76626,90,0
666,76627,104,3
667,76628,10,1
668,76629,72,0
669,76630,35,0
670,76631,87,0
671,76632,63,0
672,76633,293,0
673,76634,245,27
674,76635,68,0
675,76636,101,0
676,76637,24,0
677,76638,170,0
678,76639,35,0
679,76640,101,0
680,76641,98,0
681,76642,254,9
682,76643,629,9
683,76645,654,24
684,76648,120,9
685,76649,33,0
686,76650,0,0
687,76651,336,0
688,76652,40,0
689,76653,65,12
690,76654,2,0
691,76655,475,0
692,76656,148,0
693,76657,525,0
694,76660,36,0
695,76661,346,2
696,76664,290,0
697,76665,232,6
698,76666,0,0
699,76667,601,31
700,76670,76,12
701,76671,66,0
702,76673,113,4
703,76676,3,0
704,76678,2,0
705,76679,60,0
706,76680,25,0
707,76681,52,0
708,76682,62,0
709,76685,0,0
710,76686,2,0
711,76687,71,0
712,76689,217,0
713,76690,51,0
714,76691,266,7
715,76692,483,0
716,76693,74,0
717,76701,83,0
718,76704,509,0
719,76705,2685,91
720,76706,4613,48
721,76707,749,19
722,76708,1578,88
723,76710,909,0
724,76711,575,6
725,76712,828,15
726,76798,1419,0
727,76801,1644,37
728,76802,382,0
729,76820,0,0
730,76821,147,0
731,76823,120,18
732,76824,0,0
733,76825,232,0
734,76827,0,0
735,76828,0,0
736,76831,0,0
737,76832,51,0
738,76834,310,10
739,76836,0,0
740,76837,49,0
741,76841,23,0
742,76842,15,0
743,76844,265,0
744,76845,10,0
745,76848,0,0
746,76849,238,9
747,76852,2,0
748,76853,62,3
749,76854,17,0
750,76856,272,0
751,76857,57,0
752,76858,9,0
753,76859,58,0
754,76861,159,0
755,76862,17,0
756,76864,25,0
757,76865,0,0
758,76866,23,0
759,76869,0,0
760,76870,6,0
761,76871,96,0
762,76872,58,0
763,76873,0,0
764,76874,0,0
765,76875,12,0
766,76877,140,0
767,76878,85,0
768,76882,1,0
769,76884,7,0
770,76885,17,0
771,76887,0,0
772,76888,2,0
773,76890,46,0
774,76901,1673,99
775,76903,1650,5
776,76904,2684,0
777,76905,552,17
778,76908,755,0
779,76930,0,0
780,76932,155,0
781,76933,55,0
782,76934,102,0
783,76935,86,0
784,76936,147,0
785,76937,0,0
786,76939,0,0
787,76940,0,0
788,76941,102,20
789,76943,146,0
790,76945,62,0
791,76949,1,0
792,76950,143,0
793,76951,82,0
794,76953,0,0
795,76955,18,0
796,76957,0,0
797,76958,11,0
798,77002,513,0
799,77003,394,0
800,77004,3844,0
801,77005,2317,8
802,77006,341,0
803,77007,312,0
804,77008,557,0
805,77009,1394,6
806,77010,8,0
807,77011,766,50
808,77012,826,0
809,77013,1366,43
810,77014,2170,37
811,77015,3931,69
812,77016,1633,31
813,77017,2038,119
814,77018,840,30
815,77019,462,0
816,77020,1319,22
817,77021,1296,27
818,77022,1380,76
819,77023,1658,140
820,77024,1790,0
821,77025,649,0
822,77026,1281,8
823,77027,507,0
824,77028,1055,25
825,77029,1108,150
826,77030,196,0
827,77031,1137,150
828,77032,1116,0
829,77033,1947,106
830,77034,2624,11
831,77035,1988,45
832,77036,3352,98
833,77037,1205,0
834,77038,2130,0
835,77039,1856,16
836,77040,2771,71
837,77041,2283,69
838,77042,1757,0
839,77043,1314,87
840,77044,3202,0
841,77045,2458,38
842,77046,0,0
843,77047,1495,43
844,77048,1192,14
845,77049,2728,0
846,77050,544,0
847,77051,1058,8
848,77053,2226,65
849,77054,502,13
850,77055,2280,30
851,77056,311,0
852,77057,1139,26
853,77058,598,0
854,77059,1150,9
855,77060,2668,30
856,77061,1131,39
857,77062,1149,16
858,77063,1134,18
859,77064,3473,0
860,77065,1731,48
861,77066,2833,49
862,77067,2279,18
863,77068,482,11
864,77069,926,0
865,77070,2718,83
866,77071,1214,25
867,77072,3785,27
868,77073,2917,74
869,77074,1908,0
870,77075,3328,251
871,77076,2595,10
872,77077,2287,16
873,77078,809,0
874,77079,1216,27
875,77080,2565,26
876,77081,2507,46
877,77082,2093,44
878,77083,4968,67
879,77084,6676,10
880,77085,1457,75
881,77086,2277,0
882,77087,2328,33
883,77088,3415,93
884,77089,3925,177
885,77090,2383,250
886,77091,1154,0
887,77092,1919,10
888,77093,2634,30
889,77094,301,0
890,77095,4329,15
891,77096,1400,11
892,77098,237,0
893,77099,2582,29
894,77201,0,0
895,77301,1553,30
896,77302,1339,0
897,77303,806,0
898,77304,1544,33
899,77306,1553,0
900,77316,1282,3
901,77318,1019,0
902,77320,1796,16
903,77326,0,0
904,77327,1634,78
905,77328,839,0
906,77331,244,0
907,77334,0,0
908,77335,244,30
909,77336,932,56
910,77338,2315,37
911,77339,1836,0
912,77340,3639,10
913,77342,0,0
914,77345,2013,13
915,77346,3269,0
916,77350,9,9
917,77351,1532,47
918,77354,1728,32
919,77355,2015,50
920,77356,1241,2
921,77357,2533,83
922,77358,211,0
923,77359,0,0
924,77360,97,0
925,77362,685,0
926,77363,192,68
927,77364,45,0
928,77365,2121,0
929,77367,13,0
930,77368,0,0
931,77369,32,0
932,77371,348,37
933,77372,710,3
934,77373,3422,96
935,77374,0,0
936,77375,3203,68
937,77376,0,0
938,77377,2484,26
939,77378,924,0
940,77379,4836,65
941,77380,738,0
942,77381,1969,0
943,77382,3209,0
944,77384,515,0
945,77385,1420,5
946,77386,3998,0
947,77388,3507,120
948,77389,1750,0
949,77396,3518,138
950,77401,784,0
951,77406,2681,0
952,77407,2538,0
953,77412,0,0
954,77414,1323,0
955,77415,0,0
956,77417,132,0
957,77418,479,0
958,77419,21,0
959,77420,225,0
960,77422,716,17
961,77423,980,0
962,77426,187,0
963,77428,0,0
964,77429,4599,18
965,77430,112,0
966,77432,0,0
967,77433,5373,39
968,77434,528,21
969,77435,252,0
970,77436,0,0
971,77437,965,45
972,77440,0,0
973,77441,853,0
974,77442,118,0
975,77443,0,0
976,77444,40,39
977,77445,720,0
978,77446,2343,0
979,77447,742,24
980,77448,0,0
981,77449,6472,81
982,77450,4538,42
983,77451,6,0
984,77453,1,0
985,77454,0,0
986,77455,119,0
987,77456,52,0
988,77457,8,0
989,77458,67,0
990,77459,4630,169
991,77460,0,0
992,77461,557,0
993,77464,0,0
994,77465,379,0
995,77466,10,0
996,77467,0,0
997,77468,0,0
998,77469,2713,65
999,77470,55,0
1000,77471,2743,60
1001,77473,0,0
1002,77474,717,4
1003,77475,50,0
1004,77476,20,0
1005,77477,1715,67
1006,77478,1008,0
1007,77479,4934,0
1008,77480,649,36
1009,77481,0,0
1010,77482,107,0
1011,77483,0,0
1012,77484,586,0
1013,77485,186,0
1014,77486,283,0
1015,77488,843,36
1016,77489,2388,39
1017,77493,2155,49
1018,77494,7098,34
1019,77498,3551,79
1020,77502,2823,47
1021,77503,1525,136
1022,77504,1495,80
1023,77505,1405,0
1024,77506,2427,46
1025,77507,0,0
1026,77510,853,24
1027,77511,2696,59
1028,77514,188,12
1029,77515,1618,0
1030,77517,525,0
1031,77518,698,17
1032,77519,45,0
1033,77520,1810,29
1034,77521,3700,116
1035,77523,1150,99
1036,77530,2182,13
1037,77531,1060,31
1038,77532,1613,71
1039,77533,71,0
1040,77534,213,0
1041,77535,1624,119
1042,77536,2090,12
1043,77538,39,0
1044,77539,1849,37
1045,77541,1180,103
1046,77545,1495,28
1047,77546,2824,26
1048,77547,611,6
1049,77550,802,23
1050,77551,1126,17
1051,77554,679,0
1052,77560,0,0
1053,77561,0,0
1054,77562,621,15
1055,77563,429,0
1056,77564,63,0
1057,77565,432,22
1058,77566,1470,16
1059,77568,472,37
1060,77571,1891,117
1061,77573,6012,16
1062,77575,722,5
1063,77577,78,0
1064,77578,1418,0
1065,77580,0,0
1066,77581,2823,68
1067,77583,2277,11
1068,77584,4789,87
1069,77585,93,0
1070,77586,1263,35
1071,77587,1417,103
1072,77590,1544,43
1073,77591,753,0
1074,77597,97,0
1075,77598,956,54
1076,77611,331,0
1077,77612,391,10
1078,77613,40,0
1079,77614,11,0
1080,77615,47,0
1081,77616,0,0
1082,77617,0,0
1083,77619,663,62
1084,77622,140,0
1085,77623,25,0
1086,77624,27,0
1087,77625,700,0
1088,77627,1161,0
1089,77629,20,8
1090,77630,1712,43
1091,77632,832,24
1092,77640,763,26
1093,77642,1901,25
1094,77650,95,0
1095,77651,786,0
1096,77655,8,0
1097,77656,783,0
1098,77657,953,0
1099,77659,346,0
1100,77660,34,10
1101,77661,204,0
1102,77662,1634,4
1103,77663,0,0
1104,77664,290,0
1105,77665,316,0
1106,77701,635,5
1107,77702,213,0
1108,77703,829,19
1109,77705,2466,0
1110,77706,1108,0
1111,77707,1210,0
1112,77708,439,10
1113,77713,357,7
1114,77801,925,0
1115,77802,993,19
1116,77803,1943,8
1117,77807,349,3
1118,77808,493,0
1119,77830,206,0
1120,77831,73,0
1121,77833,2604,57
1122,77835,199,5
1123,77836,667,0
1124,77837,57,0
1125,77840,12202,0
1126,77845,3110,0
1127,77853,122,0
1128,77855,0,0
1129,77856,258,0
1130,77857,24,0
1131,77859,349,0
1132,77861,111,0
1133,77864,442,0
1134,77865,194,0
1135,77867,0,0
1136,77868,855,89
1137,77871,33,0
1138,77872,84,0
1139,77873,119,0
1140,77876,16,0
1141,77878,10,0
1142,77879,246,0
1143,77880,0,0
1144,77901,2385,57
1145,77904,1124,0
1146,77905,857,0
1147,77950,0,0
1148,77951,107,0
1149,77954,469,0
1150,77957,386,0
1151,77960,0,0
1152,77961,0,0
1153,77962,180,0
1154,77963,168,10
1155,77964,361,25
1156,77968,155,0
1157,77969,13,0
1158,77970,31,0
1159,77971,75,0
1160,77973,0,0
1161,77974,17,0
1162,77975,101,0
1163,77976,0,0
1164,77977,28,0
1165,77978,4,0
1166,77979,1280,0
1167,77982,37,0
1168,77983,91,0
1169,77984,175,0
1170,77987,3,0
1171,77988,69,0
1172,77990,43,0
1173,77991,39,0
1174,77993,26,0
1175,77994,25,0
1176,77995,676,118
1177,78001,0,0
1178,78002,375,0
1179,78003,90,0
1180,78004,96,0
1181,78005,18,0
1182,78006,1956,48
1183,78007,0,0
1184,78008,0,0
1185,78009,561,0
1186,78010,142,0
1187,78011,155,0
1188,78012,11,4
1189,78013,135,0
1190,78014,185,0
1191,78015,1220,0
1192,78016,885,0
1193,78017,404,0
1194,78019,219,0
1195,78021,0,0
1196,78022,170,0
1197,78023,1771,20
1198,78024,33,0
1199,78025,216,3
1200,78026,589,75
1201,78027,27,0
1202,78028,2045,37
1203,78029,0,0
1204,78039,96,0
1205,78040,2641,47
1206,78041,3174,58
1207,78043,3530,34
1208,78044,44,0
1209,78045,4202,79
1210,78046,5485,158
1211,78050,46,0
1212,78052,387,0
1213,78055,49,0
1214,78056,38,0
1215,78057,74,0
1216,78058,28,0
1217,78059,425,8
1218,78060,0,0
1219,78061,1197,0
1220,78063,531,25
1221,78064,687,0
1222,78065,549,56
1223,78066,0,0
1224,78067,60,0
1225,78069,544,3
1226,78070,665,0
1227,78071,258,0
1228,78072,9,0
1229,78073,565,0
1230,78075,37,0
1231,78076,759,0
1232,78101,480,0
1233,78102,1362,24
1234,78104,12,0
1235,78107,0,0
1236,78108,2825,20
1237,78109,2219,29
1238,78112,418,37
1239,78113,182,0
1240,78114,1378,56
1241,78116,15,0
1242,78117,31,0
1243,78118,301,0
1244,78119,236,25
1245,78121,658,23
1246,78122,8,0
1247,78123,138,0
1248,78124,376,0
1249,78125,0,0
1250,78130,4041,38
1251,78132,1723,30
1252,78133,976,37
1253,78140,209,0
1254,78141,22,0
1255,78142,13,0
1256,78143,12,12
1257,78144,0,0
1258,78145,4,0
1259,78146,92,0
1260,78147,134,0
1261,78148,1019,8
1262,78150,16,0
1263,78151,124,7
1264,78152,239,9
1265,78154,1761,0
1266,78155,2446,30
1267,78159,50,0
1268,78160,364,0
1269,78161,59,0
1270,78162,86,0
1271,78163,660,0
1272,78164,178,0
1273,78201,2938,24
1274,78202,810,0
1275,78203,218,0
1276,78204,473,46
1277,78205,23,0
1278,78207,2930,136
1279,78208,184,11
1280,78209,2764,14
1281,78210,1704,40
1282,78211,1825,23
1283,78212,2263,40
1284,78213,2685,52
1285,78214,2210,29
1286,78215,21,0
1287,78216,2434,14
1288,78217,1430,39
1289,78218,1567,0
1290,78219,850,0
1291,78220,1513,50
1292,78221,2493,107
1293,78222,1461,146
1294,78223,2579,51
1295,78224,1133,42
1296,78225,950,39
1297,78226,434,10
1298,78227,3206,27
1299,78228,5124,446
1300,78229,1459,0
1301,78230,1871,61
1302,78231,430,0
1303,78232,1699,19
1304,78233,2313,17
1305,78234,674,0
1306,78235,26,0
1307,78236,2241,0
1308,78237,2262,89
1309,78238,1783,75
1310,78239,1453,33
1311,78240,2801,114
1312,78242,2746,129
1313,78243,91,0
1314,78244,1941,31
1315,78245,4557,159
1316,78247,2712,305
1317,78248,676,0
1318,78249,5281,76
1319,78250,2906,224
1320,78251,4317,111
1321,78252,440,0
1322,78253,2252,178
1323,78254,3496,168
1324,78255,852,0
1325,78256,1121,0
1326,78257,358,0
1327,78258,2779,21
1328,78259,1447,7
1329,78260,1420,0
1330,78261,798,0
1331,78263,278,0
1332,78264,925,0
1333,78266,488,0
1334,78330,21,0
1335,78332,1554,10
1336,78335,0,0
1337,78336,890,15
1338,78338,0,0
1339,78339,51,0
1340,78340,14,2
1341,78341,179,0
1342,78342,17,0
1343,78343,335,0
1344,78344,32,0
1345,78349,13,0
1346,78351,71,0
1347,78352,0,0
1348,78353,0,0
1349,78355,267,0
1350,78357,218,0
1351,78358,4,0
1352,78359,130,0
1353,78361,368,48
1354,78362,721,0
1355,78363,2346,0
1356,78368,624,27
1357,78369,21,11
1358,78370,272,0
1359,78371,40,0
1360,78372,296,0
1361,78373,125,0
1362,78374,974,0
1363,78375,208,12
1364,78376,3,0
1365,78377,216,5
1366,78379,123,0
1367,78380,1392,0
1368,78382,850,0
1369,78383,127,0
1370,78384,235,0
1371,78385,0,0
1372,78387,407,0
1373,78389,157,0
1374,78390,377,5
1375,78391,15,0
1376,78393,83,0
1377,78401,162,0
1378,78402,10,0
1379,78404,795,20
1380,78405,542,0
1381,78406,143,0
1382,78407,117,0
1383,78408,682,0
1384,78409,120,8
1385,78410,1233,0
1386,78411,1620,11
1387,78412,4509,41
1388,78413,1943,68
1389,78414,1901,0
1390,78415,2450,156
1391,78416,784,74
1392,78417,194,36
1393,78418,1253,22
1394,78419,51,0
1395,78501,3237,44
1396,78503,1381,0
1397,78504,4655,50
1398,78516,2674,81
1399,78520,4594,26
1400,78521,6372,66
1401,78526,3316,41
1402,78535,71,14
1403,78536,14,0
1404,78537,3133,26
1405,78538,684,0
1406,78539,2158,29
1407,78541,3238,0
1408,78542,5554,143
1409,78543,595,0
1410,78545,15,15
1411,78548,54,0
1412,78549,113,0
1413,78550,3501,21
1414,78552,1940,0
1415,78557,1134,0
1416,78558,31,0
1417,78559,775,0
1418,78560,374,0
1419,78561,44,0
1420,78562,178,6
1421,78563,0,0
1422,78564,0,0
1423,78565,0,0
1424,78566,1696,62
1425,78567,13,0
1426,78569,430,0
1427,78570,2552,22
1428,78572,5423,161
1429,78573,2867,14
1430,78574,4966,79
1431,78575,1153,0
1432,78576,1250,4
1433,78577,5111,0
1434,78578,405,0
1435,78579,488,0
1436,78580,705,53
1437,78582,3229,197
1438,78583,531,0
1439,78584,1202,0
1440,78585,23,0
1441,78586,4138,26
1442,78588,2,0
1443,78589,2933,38
1444,78590,11,0
1445,78591,14,0
1446,78592,80,0
1447,78593,273,0
1448,78594,115,0
1449,78595,635,0
1450,78596,4418,34
1451,78597,79,0
1452,78598,0,0
1453,78602,1379,54
1454,78605,256,0
1455,78606,250,0
1456,78607,0,0
1457,78608,27,0
1458,78609,33,0
1459,78610,1878,26
1460,78611,523,11
1461,78612,1201,0
1462,78613,4537,44
1463,78614,7,0
1464,78615,73,0
1465,78616,439,0
1466,78617,2147,48
1467,78618,10,0
1468,78619,221,0
1469,78620,1112,0
1470,78621,869,30
1471,78622,0,0
1472,78623,0,0
1473,78624,985,32
1474,78626,2526,9
1475,78628,1963,0
1476,78629,619,0
1477,78631,210,0
1478,78632,90,0
1479,78633,759,0
1480,78634,1853,20
1481,78635,101,0
1482,78636,103,0
1483,78638,158,0
1484,78639,404,111
1485,78640,2865,45
1486,78641,3593,110
1487,78642,665,0
1488,78643,308,0
1489,78644,783,0
1490,78645,329,4
1491,78648,448,0
1492,78650,64,4
1493,78652,134,0
1494,78653,1538,3
1495,78654,1159,0
1496,78655,210,0
1497,78656,232,12
1498,78657,556,0
1499,78659,87,0
1500,78660,6205,61
1501,78661,8,0
1502,78662,125,0
1503,78663,51,0
1504,78664,4335,85
1505,78665,2408,80
1506,78666,8929,11
1507,78669,581,0
1508,78670,5,0
1509,78671,31,0
1510,78672,0,0
1511,78675,19,0
1512,78676,985,264
1513,78677,0,0
1514,78681,3773,65
1515,78701,105,0
1516,78702,774,0
1517,78703,677,0
1518,78704,2130,0
1519,78705,10688,0
1520,78712,524,0
1521,78717,1372,0
1522,78719,112,0
1523,78721,555,34
1524,78722,87,0
1525,78723,1098,0
1526,78724,1397,16
1527,78725,282,0
1528,78726,868,0
1529,78727,696,14
1530,78728,802,0
1531,78729,1179,16
1532,78730,410,0
1533,78731,690,11
1534,78732,1479,0
1535,78733,497,0
1536,78734,753,0
1537,78735,725,0
1538,78736,395,0
1539,78737,890,0
1540,78738,533,0
1541,78739,686,0
1542,78741,1968,27
1543,78742,51,0
1544,78744,2670,146
1545,78745,1163,49
1546,78746,1768,0
1547,78747,1034,0
1548,78748,1795,0
1549,78749,1302,26
1550,78750,1189,14
1551,78751,303,14
1552,78752,875,0
1553,78753,2659,0
1554,78754,1026,34
1555,78756,510,0
1556,78757,685,0
1557,78758,1966,11
1558,78759,1546,35
1559,78801,1807,66
1560,78802,39,0
1561,78827,36,0
1562,78828,0,0
1563,78829,215,0
1564,78830,38,0
1565,78832,54,0
1566,78833,126,0
1567,78834,736,46
1568,78836,0,0
1569,78837,0,0
1570,78838,0,0
1571,78839,558,0
1572,78840,2887,40
1573,78843,62,0
1574,78850,106,0
1575,78851,0,0
1576,78852,4199,24
1577,78860,0,0
1578,78861,723,0
1579,78870,99,0
1580,78871,0,0
1581,78872,52,0
1582,78873,136,0
1583,78877,0,0
1584,78879,0,0
1585,78880,120,0
1586,78881,46,0
1587,78883,45,0
1588,78884,100,0
1589,78885,9,0
1590,78886,51,0
1591,78931,18,0
1592,78932,3,0
1593,78933,16,0
1594,78934,307,0
1595,78935,32,0
1596,78938,0,0
1597,78940,91,0
1598,78941,219,0
1599,78942,561,0
1600,78943,0,0
1601,78944,17,0
1602,78945,285,0
1603,78946,88,37
1604,78947,277,0
1605,78948,8,0
1606,78949,0,0
1607,78950,36,0
1608,78951,0,0
1609,78953,0,0
1610,78954,35,0
1611,78956,360,0
1612,78957,471,0
1613,78959,111,0
1614,78962,443,0
1615,78963,28,0
1616,79001,11,0
1617,79003,2,0
1618,79005,98,0
1619,79007,984,16
1620,79009,109,11
1621,79010,129,0
1622,79011,0,0
1623,79012,215,0
1624,79013,206,0
1625,79014,249,0
1626,79015,1997,0
1627,79016,106,0
1628,79018,3,0
1629,79019,80,3
1630,79021,11,0
1631,79022,437,0
1632,79024,22,0
1633,79025,0,0
1634,79027,381,0
1635,79029,777,0
1636,79031,48,0
1637,79032,0,0
1638,79033,0,0
1639,79034,30,0
1640,79035,278,0
1641,79036,280,18
1642,79039,18,0
1643,79040,106,0
1644,79041,213,0
1645,79042,45,0
1646,79043,137,0
1647,79044,39,0
1648,79045,1151,48
1649,79046,68,0
1650,79051,0,0
1651,79052,75,0
1652,79053,8,0
1653,79054,23,3
1654,79056,0,0
1655,79057,114,4
1656,79058,0,0
1657,79059,53,0
1658,79061,0,0
1659,79062,12,0
1660,79063,55,0
1661,79064,76,0
1662,79065,903,21
1663,79068,280,16
1664,79070,674,0
1665,79072,1493,107
1666,79078,4,0
1667,79079,176,0
1668,79080,23,0
1669,79081,217,0
1670,79082,5,0
1671,79083,174,0
1672,79084,103,0
1673,79085,7,0
1674,79086,177,15
1675,79087,42,0
1676,79088,264,16
1677,79091,0,0
1678,79092,46,0
1679,79093,0,0
1680,79094,0,0
1681,79095,151,14
1682,79096,107,0
1683,79097,82,0
1684,79098,8,0
1685,79101,201,0
1686,79102,657,9
1687,79103,651,0
1688,79104,308,0
1689,79105,0,0
1690,79106,1273,12
1691,79107,1998,25
1692,79108,578,0
1693,79109,2245,44
1694,79110,1195,22
1695,79111,111,4
1696,79118,1215,17
1697,79119,748,0
1698,79121,251,25
1699,79124,364,0
1700,79201,216,40
1701,79220,35,0
1702,79225,66,0
1703,79226,262,5
1704,79227,89,0
1705,79229,12,0
1706,79230,3,0
1707,79231,0,0
1708,79233,13,0
1709,79234,0,0
1710,79235,113,0
1711,79236,3,0
1712,79237,3,0
1713,79239,6,0
1714,79240,0,0
1715,79241,130,7
1716,79243,0,0
1717,79244,53,0
1718,79245,136,0
1719,79247,0,0
1720,79248,115,0
1721,79250,72,0
1722,79251,0,0
1723,79252,75,19
1724,79255,15,0
1725,79256,1,0
1726,79257,22,0
1727,79258,0,0
1728,79259,0,0
1729,79261,35,0
1730,79311,440,0
1731,79312,51,0
1732,79313,52,0
1733,79314,0,0
1734,79316,674,64
1735,79322,120,0
1736,79323,472,0
1737,79324,15,0
1738,79325,135,0
1739,79326,22,0
1740,79329,124,4
1741,79330,0,0
1742,79331,679,12
1743,79336,1158,86
1744,79339,400,0
1745,79342,28,0
1746,79343,105,2
1747,79344,0,0
1748,79345,76,0
1749,79346,145,28
1750,79347,384,0
1751,79350,13,0
1752,79351,86,0
1753,79353,0,0
1754,79355,92,0
1755,79356,328,0
1756,79357,166,5
1757,79358,45,0
1758,79359,260,0
1759,79360,1048,12
1760,79363,282,0
1761,79364,282,0
1762,79366,36,0
1763,79367,41,0
1764,79369,0,0
1765,79370,76,0
1766,79371,80,0
1767,79372,93,11
1768,79373,119,0
1769,79376,0,0
1770,79377,24,0
1771,79378,2,0
1772,79379,42,0
1773,79380,6,0
1774,79381,101,0
1775,79382,517,79
1776,79401,800,0
1777,79403,1105,41
1778,79404,481,22
1779,79406,5966,0
1780,79407,1597,4
1781,79410,264,0
1782,79411,415,0
1783,79412,898,0
1784,79413,1175,0
1785,79414,732,18
1786,79415,1520,29
1787,79416,1923,0
1788,79423,1840,0
1789,79424,2089,16
1790,79501,79,3
1791,79502,110,0
1792,79503,0,0
1793,79504,150,0
1794,79505,7,0
1795,79506,1,1
1796,79508,33,0
1797,79510,476,0
1798,79511,126,0
1799,79512,472,0
1800,79517,0,0
1801,79518,0,0
1802,79519,0,0
1803,79520,48,1
1804,79521,310,0
1805,79525,194,0
1806,79526,41,12
1807,79527,8,0
1808,79528,35,0
1809,79529,83,0
1810,79530,13,0
1811,79532,24,2
1812,79533,14,0
1813,79534,5,0
1814,79535,9,8
1815,79536,273,12
1816,79537,0,0
1817,79538,12,0
1818,79539,20,0
1819,79540,0,0
1820,79541,0,0
1821,79543,51,5
1822,79544,44,0
1823,79545,169,0
1824,79546,45,0
1825,79547,13,0
1826,79548,6,0
1827,79549,1046,31
1828,79553,104,1
1829,79556,945,63
1830,79560,5,0
1831,79561,9,0
1832,79562,272,0
1833,79563,60,0
1834,79565,10,0
1835,79566,6,0
1836,79567,141,0
1837,79601,2335,7
1838,79602,1371,0
1839,79603,1341,0
1840,79605,1420,13
1841,79606,1125,0
1842,79607,405,0
1843,79699,74,0
1844,79701,1871,43
1845,79703,1513,59
1846,79705,1850,86
1847,79706,1600,7
1848,79707,1643,0
1849,79713,64,4
1850,79714,1141,0
1851,79718,54,0
1852,79719,38,0
1853,79720,2050,126
1854,79730,6,0
1855,79731,353,0
1856,79733,5,0
1857,79734,61,0
1858,79735,581,0
1859,79738,18,0
1860,79739,184,0
1861,79741,0,0
1862,79742,27,0
1863,79743,8,0
1864,79744,168,0
1865,79745,766,10
1866,79748,31,0
1867,79749,116,0
1868,79752,183,0
1869,79754,0,0
1870,79755,0,0
1871,79756,488,65
1872,79758,138,0
1873,79759,0,0
1874,79761,2328,54
1875,79762,3069,58
1876,79763,1929,34
1877,79764,1372,0
1878,79765,559,0
1879,79766,354,73
1880,79770,0,0
1881,79772,1059,137
1882,79777,7,0
1883,79778,39,0
1884,79780,0,0
1885,79781,5,0
1886,79782,200,29
1887,79783,0,0
1888,79785,0,0
1889,79788,17,0
1890,79789,51,0
1891,79821,343,0
1892,79830,321,12
1893,79831,0,0
1894,79834,1,0
1895,79835,648,8
1896,79836,366,0
1897,79837,0,0
1898,79838,362,0
1899,79839,219,0
1900,79842,12,0
1901,79843,358,0
1902,79845,297,34
1903,79846,0,0
1904,79847,0,0
1905,79848,23,0
1906,79849,579,35
1907,79851,24,0
1908,79852,10,0
1909,79853,208,0
1910,79854,0,0
1911,79855,92,0
1912,79901,507,28
1913,79902,1270,0
1914,79903,808,11
1915,79904,2237,169
1916,79905,1429,20
1917,79906,263,0
1918,79907,2974,66
1919,79908,511,0
1920,79911,410,0
1921,79912,4204,10
1922,79915,2275,0
1923,79916,366,0
1924,79920,3,0
1925,79922,486,0
1926,79924,3698,92
1927,79925,2109,8
1928,79927,3343,38
1929,79928,5074,77
1930,79930,1237,10
1931,79932,1707,9
1932,79934,1595,0
1933,79935,867,216
1934,79936,6756,37
1935,79938,4391,90
1936,79942,0,0
1937,88063,871,20
1938,88220,2104,32
1939,88430,13,0
